Layer,Source Name,Type,Region,Domain,URL / Access Point,Alt Feed / RSS (if any),Speed,Trust Level,Paid / Free,Scraper Required,Notes (what to pull),Example Output: Intel Drop,Example Output: Analysis Follow-up
L0,Telegram OSINT Cluster (Generic),Telegram,Global,Military Ops / Breaking,https://telegram.org/,,Fast,Medium,Free,Yes,Set up Telegram scraper; track channel message text + media + timestamps,Contact reported near X; initial footage shows plume south of Y. Verification pending.,Geolocated clip suggests strike ~2km from Z; likely targeting supply node. Await official confirmation.
L0,Discord OSINT Servers (Generic),Discord,Global,OSINT / EW / AI,https://discord.com/,,Fast,Medium,Free,Yes,Monitor channels for links to primary sources; extract URLs for downstream fetchers,Early chatter points to EW interference reports in sector A.,Cross-validate with ADS-B anomalies and comms outage reports.
L0,X/Twitter Firehose (Lists),Social,Global,All,https://x.com/,,Fast,Medium,Free,Yes,Follow curated lists; capture tweets + links; de-dup & cluster by event,Multiple eyewitness accounts report UAV activity over City Q.,Thread consolidates sightings; compares with NOTAMs and ADS-B traces.
L1,Reuters,News Agency,Global,All,https://www.reuters.com/,https://www.reuters.com/my-news/feed/,Medium,High,Free,Light,"Headlines, story URLs, timestamps; pay attention to region tags",Reuters: Country X to acquire Y drones; contract value undisclosed.,Implication: shifts air denial calculus regionally; check tender portals next quarter.
L1,Associated Press (AP),News Agency,Global,All,https://apnews.com/,https://apnews.com/index.rss,Medium,High,Free,Light,Headlines and story text snippets; wire priority cues,AP: Govt announces partial mobilization in province K.,Signals internal strain; monitor logistics contracts and fuel imports.
L1,AFP,News Agency,Global,All,https://www.afp.com/en,,Medium,High,Paid,Light,"Headlines + summary; where accessible, extract ledes",AFP: Naval drills expanded to include EW scenarios.,Indicates training focus on jamming/spectrum control pre-deployment.
L1,NATO Press,Intergovernmental,Global,Defense / Security,https://www.nato.int/cps/en/natohq/press_releases.htm,,Medium,High,Free,Light,Press releases; statements; communiqués,NATO announces new air policing rotation on eastern flank.,Expect increased fighter sorties; track ADS-B for pattern shifts.
L1,United Nations News,Intergovernmental,Global,Diplomacy,https://news.un.org/en/,,Medium,High,Free,Light,Official UN press + SG statements,UN warns of worsening humanitarian corridors closure.,Tie with logistics convoys and fuel access constraints.
L1,World Bank,IFIs,Global,Geo‑Economics,https://www.worldbank.org/en/news,,Medium,High,Free,Light,"Country briefs, financing approvals",WB approves $500m energy reform loan to Country H.,Likely tariff adjustments; watch protest risk and subsidy rollbacks.
L1,IMF Press Center,IFIs,Global,Geo‑Economics,https://www.imf.org/en/News,,Medium,High,Free,Light,"Press releases, staff-level agreements",IMF reaches SLA with Country P; FX reforms slated.,Expect devaluation window; monitor import data and fuel prices.
L1,Asian Development Bank (ADB) News,IFIs,Asia,Geo‑Economics,https://www.adb.org/news,,Medium,High,Free,Light,Project approvals; policy notes,ADB funds port upgrade in Country S.,Capacity expansion suggests future naval dual-use potential.
L1,US Department of Defense Releases,Ministry,Americas,Defense,https://www.defense.gov/News/Releases/,,Medium,High,Free,Light,"Contracts, deployments, policy notes",DoD awards EW systems contract to Vendor V.,Check SAM.gov for contract line items; assess export spillover.
L1,UK Ministry of Defence News,Ministry,Europe,Defense,https://www.gov.uk/government/organisations/ministry-of-defence,,Medium,High,Free,Light,Press releases; procurement updates,UK MoD confirms additional air defence batteries to Region E.,Expect training rotations; watch RAF movements.
L1,Israel MoD / Haaretz Diplomacy & Defense,Ministry/Media,MENA,Defense,https://mod.gov.il/,https://www.haaretz.com/news/diplomacy-defense,Medium,High,Free,Light,Official statements; investigative coverage,MoD files hint at new UAV EW payload trials.,Doctrine shift toward standoff jamming; track exercises.
L1,Pakistan ISPR,Military PR,South Asia,Defense,https://ispr.gov.pk/,,Medium,High,Free,Light,Operational updates; training notices,ISPR: joint exercises with Country Y commence.,Review NOTAMs and troop movement indicators.
L1,Iran IRNA (English),State Media,MENA,Diplomacy/Defense,https://en.irna.ir/,,Medium,Medium,Free,Light,Official lines; government narratives,IRNA: unveiling of upgraded UAV variants.,Cross-check specs with parade imagery and procurement hints.
L1,Russia Ministry of Defence,Ministry,Europe,Defense,http://eng.mil.ru/en/index.htm,,Medium,Medium,Free,Light,Daily bulletins; imagery,MoD reports counter-UAV measures deployment.,Evaluate with independent battlefield reports.
L1,China MND News,Ministry,East Asia,Defense,http://eng.mod.gov.cn/News/index.htm,,Medium,High,Free,Light,Exercises; white papers; statements,PLA holds EW drills in Theater C.,Map proximity to disputed airspace; anticipate ADIZ notices.
L1,Turkey Ministry of National Defence,Ministry,MENA/Europe,Defense,https://www.msb.gov.tr/,,Medium,High,Free,Light,Press statements; ops summaries,MSB announces cross-border operation window.,Expect UAV loitering; monitor NOTAMs and border traffic.
L1,CSIS,Think Tank,Global,Security / Geo‑Econ,https://www.csis.org/,,Slow,Very High,Free,Light,"Reports, commentaries, events",CSIS brief: semiconductor choke points in conflict scenarios.,Forecast: sanctions leverage pathways; track export controls.
L1,IISS,Think Tank,Global,Security,https://www.iiss.org/publications/,,Slow,Very High,Paid,Light,Dossiers; journals; paywalled reports,IISS Strategic Dossier outlines EW trends 2025.,Use excerpts; link to public summaries; avoid paywall text.
L1,SIPRI,Think Tank,Global,Arms / Data,https://www.sipri.org/publications,https://www.sipri.org/rss,Slow,Very High,Free,Light,Arms transfers database; yearbooks; policy briefs,SIPRI: uptick in UAV exports to Region N.,Correlate with customs data and sanctions filings.
L1,RAND Corporation,Think Tank,Global,Defense,https://www.rand.org/pubs.html,,Slow,Very High,Free,Light,Research reports; briefs; toolkits,RAND paper models EW resilience under contested spectrum.,Apply to current theater; note doctrine implications.
L1,Brookings Institution,Think Tank,Global,Geo‑Econ / Policy,https://www.brookings.edu/,,Slow,High,Free,Light,Reports; blogs; events,Brookings analysis on sanctions efficacy timeline.,Project lag effects into import substitution curves.
L1,Carnegie Endowment,Think Tank,Global,Security / Policy,https://carnegieendowment.org/,,Slow,High,Free,Light,Policy papers; region programs,Carnegie: Gulf security architecture realignment.,Track basing rights and defense MOUs.
L2,JSTOR (Open Content),Academic,Global,Research,https://www.jstor.org/open/,,Slow,Very High,Free,Light,Open-access academic papers,Paper traces EW escalation ladders historically.,Extract models applicable to current theaters.
L2,SSRN,Academic,Global,Working Papers,https://www.ssrn.com/index.cfm/en/,,Slow,High,Free,Light,Working papers; early insights,Draft: UAV countermeasures cost-imposition strategies.,Flag for expert review; awaiting peer feedback.
L2,Procurement – SAM.gov,Gov Procurement,US,Contracts,https://sam.gov/,,Medium,High,Free,Yes,Solicitations; awards; notices,Award for EW pods detected; vendor + NAICS logged.,Cross-link to corporate filings; watch follow-on mods.
L2,EU Tenders (TED),Gov Procurement,EU,Contracts,https://ted.europa.eu/,,Medium,High,Free,Yes,Tenders; awards; CPV codes,Member state seeks ISR platforms; delivery timelines noted.,Monitor budget votes; anticipate delays.
L2,Pakistan PPRA,Gov Procurement,South Asia,Contracts,https://www.ppra.org.pk/,,Medium,High,Free,Yes,Public procurement notices,Defense-adjacent comms gear tender published.,Check specs vs import records.
L2,UK Contracts Finder,Gov Procurement,Europe,Contracts,https://www.contractsfinder.service.gov.uk/,,Medium,High,Free,Yes,Notices; awards; updates,MoD communications kit multi-year framework posted.,Map suppliers and delivery cadence.
L2,Sanctions – OFAC SDN,Sanctions,US,Finance/Trade,https://ofac.treasury.gov/sanctions-lists/sdn-list-data-formats,,Medium,Very High,Free,Light,SDN list CSV/JSON feeds,Vendor added to SDN; disrupts supply chain inputs.,Alert: reroute procurement monitoring.
L2,EU Sanctions Map,Sanctions,EU,Finance/Trade,https://www.sanctionsmap.eu/,,Medium,Very High,Free,Light,Interactive sanctions database,New designations on UAV components exporters.,Update risk model for imports.
L2,UK HMT Consolidated List,Sanctions,UK,Finance/Trade,https://assets.publishing.service.gov.uk/government/uploads/system/uploads/attachment_data/file/1168474/Consolidated_List.xlsx,,Medium,Very High,Free,Light,Consolidated sanctions XLS feed,Supplier listed; compliance alert for clients.,Trigger KYC re-checks.
L2,ADS-B Exchange,Aviation Tracking,Global,Aviation,https://www.adsbexchange.com/,,Fast,Medium,Free,Yes,Military flight tracking (public),Spike in ISR flights over sector R.,Pair with NOTAMs and MoD pressers.
L2,MarineTraffic (Public),Maritime Tracking,Global,Maritime,https://www.marinetraffic.com/,,Fast,Medium,Free,Yes,AIS ship positions (limited free),Fuel convoy positions suggest buildup.,Cross with satellite passes and port notices.
L2,VesselFinder,Maritime Tracking,Global,Maritime,https://www.vesselfinder.com/,,Fast,Medium,Free,Yes,AIS lookups; basic analytics,Unusual loitering near restricted waters.,Flag for imagery tasking.
L3,Wayback Machine,Archive,Global,Research,https://web.archive.org/,,Slow,High,Free,Light,Recover deleted press pages & PDFs,Recovered MoD release referencing trials.,Use for timeline reconstruction.
L3,Archive of Public Records (CourtListener),Legal,US,Legal/Filings,https://www.courtlistener.com/,,Slow,High,Free,Light,"Court filings, dockets",Export controls case reveals supplier networks.,Mine exhibits for supplier names.
L3,OpenCorporates,Corporate Data,Global,Companies,https://opencorporates.com/,,Medium,High,Free,Light,Company registries; directors; linkages,Shell vendor linked to sanctioned entity.,Map ownership graph.
L1,UN General Assembly (UNGA) Press,Intergovernmental,Global,Diplomacy,https://www.un.org/en/ga/,,Medium,High,Free,Light,Schedules; resolutions; press,UNGA sidelines: defense MOUs emerging.,Track bilateral readouts.
L1,SCO Secretariat News,Intergovernmental,Eurasia,Diplomacy,https://eng.sectsco.org/news/,,Medium,High,Free,Light,Communiqués; event news,SCO communiqué hints at joint drills.,Follow with tender signals.
L1,BRICS Official,Intergovernmental,Global South,Economics/Diplomacy,https://brics2024.gov.br/en/,,Medium,Medium,Free,Light,Summit declarations; ministerials,Payments integration note resurfaces.,Assess de-dollarization claims vs actual flows.
L2,UN Comtrade,Trade Data,Global,Geo‑Economics,https://comtradeplus.un.org/,,Slow,High,Free,Yes,Trade flows by HS code,HS 8806 spike to Country Z.,Potential UAV component surge.
L2,ITC Trade Map (limited),Trade Data,Global,Geo‑Economics,https://www.trademap.org/,,Slow,High,Free,Yes,Bilateral export/import stats,Parts-for-UAV anomalies vs prior year.,Cross-check with customs bulletins.
L1,Anadolu Agency (Turkiye),State-linked Media,MENA/Europe,News,https://www.aa.com.tr/en,,Medium,Medium,Free,Light,Official lines; rapid regional reports,AA: deployment notice to border sector.,Watch MSB updates and NOTAMs.
L1,IRNA (English),State Media,MENA,News,https://en.irna.ir/,,Medium,Medium,Free,Light,Gov positions; program reveals,IRNA: new engine variant unveiled.,Compare with patent filings & parade shots.
L1,TASS (English),State Media,Europe,News,https://tass.com/,,Medium,Medium,Free,Light,Official Russian narratives,TASS: EW brigade formed in district D.,Track unit IDs and equipment rollouts.
L1,Xinhua (English),State Media,East Asia,News,https://www.xinhuanet.com/english/,,Medium,Medium,Free,Light,Official Chinese narratives,Xinhua: satellite launch with dual-use payload.,Check NOTAMs and launch windows.
L1,EU Council Press,Intergovernmental,Europe,Policy,https://www.consilium.europa.eu/en/press/press-releases/,,Medium,High,Free,Light,Press releases; conclusions,Council approves arms support tranche.,Monitor implementation notes.
L1,European External Action Service (EEAS),Intergovernmental,Europe,Diplomacy,https://www.eeas.europa.eu/en,,Medium,High,Free,Light,Statements; readouts,EEAS condemns EW interference event.,Correlate with local outage maps.
L2,Google Patents,Patents,Global,R&D,https://patents.google.com/,,Slow,High,Free,Light,Patent filings on comms/UAV subsystems,Filing indicates new SDR-based jammer.,Monitor assignees and continuations.
L2,ICAO NOTAM (via national AIS portals),Aviation Notice,Global,Aviation,https://www.icao.int/,,Fast,High,Free,Yes,NOTAM references via country portals,New temporary restricted airspace declared.,Cross with ADS-B and MoD announcements.
L2,Sentinel Hub EO Browser,Satellite,Global,Imagery,https://apps.sentinel-hub.com/eo-browser/,,Medium,High,Free,Yes,Task views; collect pre/post imagery where public,Imagery shows scorch marks near depot.,Qualify with local reporting before posting.
L2,Jamestown Foundation,Think Tank,US,Security/Eurasia,https://jamestown.org/programs/edm/,,Slow,High,Free,No,EDM articles; analyses,"""EDM flags paramilitary integration trend.""","""Expect hybrid ops; watch legal changes."""
L2,Middle East Institute (MEI),Think Tank,MENA,Policy/Security,https://www.mei.edu/publications,,Slow,High,Free,No,Analyses ; briefs,"""MEI: Gulf air defense integration timeline.""","""Suggests sensor fusion roadmap; check vendor MOUs."""
L2,Atlantic Council,Think Tank,US,Geo-Econ/Security,https://www.atlanticcouncil.org/,,Slow,High,Free,No,Reports ; trackers,"""AC: sanctions enforcement gaps in sector S.""","""Aligns with customs leak trails; refine watchlist."""
L2,Carnegie Moscow/CEIP,Think Tank,Global,Eurasia/Security,https://carnegieendowment.org/region/eurasia,,Slow,High,Free,No,Analyses ; events,"""Carnegie: manpower policy shift implications.""","""Operational endurance forecast adjusts by quarter."""
L2,Chatham House,Think Tank,Europe,Policy,https://www.chathamhouse.org/topics,https://www.chathamhouse.org/rss,Slow,High,Free,No,Briefings ; papers,"""CH brief on Red Sea security lanes.""","""Insurance premiums + convoy timings reflect risk repricing."""
L2,Lowy Institute,Think Tank,Asia-Pacific,Policy/Security,https://www.lowyinstitute.org/publications,,Slow,High,Free,No,Reports ; Indo-Pacific focus,"""Lowy: ADIZ friction trends.""","""Expect crisis signaling; watch intercept data."""
L2,Hudson Institute,Think Tank,US,Defense/Policy,https://www.hudson.org/defense,,Slow,High,Free,No,Defense analyses,"""Hudson: spectrum dominance doctrine update.""","""Adoption curve favors SDR vendors; see patent filings."""
L2,SIPRI Arms Transfers DB,Think Tank,Global,Arms/Data,https://www.sipri.org/databases/armstransfers,,Slow,Very High,Free,No,Database; exports/imports,"""SIPRI: spike in HS 8806 category to country Z.""","""Correlate with customs + sanctions to trace end-users."""
L2,RAND Arroyo/Project Air Force,Think Tank,US,Defense Research,https://www.rand.org/topics/air-warfare.html,,Slow,Very High,Free,No,Service-specific research,"""RAF paper on EW survivability.""","""Feed into C-UAS tactics notes."""
L2,EU ISS,Think Tank,EU,Security/Policy,https://www.iss.europa.eu/publications,,Slow,High,Free,No,Briefs ; reports,"""EUISS brief on hybrid threats.""","""Points to cable/vsat vulnerabilities—monitor outage spikes."""
L2,Crisis Group,NGO,Global,Conflict,https://www.crisisgroup.org/latest-updates,,Slow,High,Free,No,Alerts ; reports,"""Alert: escalation risk in corridor Y.""","""Advise caution on civilian routes; watch fuel deliveries."""
L2,Human Rights Watch,NGO,Global,Humanitarian,https://www.hrw.org/news,,Slow,High,Free,No,Reports ; news,"""HRW documents strike pattern near urban core.""","""International attention → political pressure; expect UNHRC moves."""
L2,CourtListener/RECAP,Legal,US,Filings,https://www.courtlistener.com/,,Slow,High,Free,No,Export control cases; sanctions,"""New indictment on illicit components route.""","""Exhibits list supplier nets; add to watchlist."""
L2,OpenSanctions,Data,Global,Sanctions Data,https://www.opensanctions.org/datasets/,,Medium,High,Free,No,Sanctions datasets,"""New entity listed with dual-use parts.""","""Update procurement risk model + alerts."""
L2,OpenCorporates,Data,Global,Corporate Graph,https://opencorporates.com/,,Medium,High,Free,No,Directors ; shell links,"""Common directors across vendor cluster P.""","""Flag beneficial ownership risks; cross with sanctions."""
L2,UN Comtrade API,Data,Global,Trade,https://comtradeplus.un.org/,,Slow,High,Free,Yes,HS codes + flows,"""HS 8532/8533 uptick to Y.""","""Potential EW components—triangulate with patent assignees."""
L2,ImportYeti,Data,Global,Shipping Bills,https://www.importyeti.com/,,Slow,Medium,Free,Yes,B/L data for companies,"""Shipments of RF components to firm N rising.""","""Supply surge aligns with field sightings—watch export controls."""
L2,SAM.gov (watch OTAs),Gov Procurement,US,Contracts,https://sam.gov/,,Medium,High,Free,Yes,Solicitations + awards,"""OTA for counter-UAS prototype posted.""","""Accelerates fielding; vendor ecosystem to expand."""
L2,TED (EU Tenders),Gov Procurement,EU,Contracts,https://ted.europa.eu/,,Medium,High,Free,Yes,Tenders + awards,"""Member state seeks ECM pods.""","""Likely integrated on legacy fighters; track delivery."""
L2,PPRA Pakistan,Procurement,South Asia,Contracts,https://www.ppra.org.pk/,,Medium,High,Free,Yes,Notices + awards,"""PPRA posts RFQ for comms gear.""","""Spec hints at SDR adoption; local integrators benefit."""
L2,UK Contracts Finder,Procurement,Europe,Contracts,https://www.contractsfinder.service.gov.uk/,,Medium,High,Free,Yes,Awards + notices,"""MoD buys mobile C2 shelters.""","""Suggests expeditionary posture change."""
L2,OFAC SDN Data,Sanctions,US,Finance/Trade,https://ofac.treasury.gov/sanctions-lists/sdn-list-data-formats,,Medium,Very High,Free,No,CSV/JSON sanctions,"""Entity X newly listed.""","""Alert: procurement reroutes via intermediaries likely."""
L2,EU Sanctions Map,Sanctions,EU,Finance/Trade,https://www.sanctionsmap.eu/,,Medium,Very High,Free,No,Lookup designations,"""Broker Y sanctioned for UAV parts.""","""Expect customs seizures + price spikes."""
L2,UK HMT Consolidated List,Sanctions,UK,Finance/Trade,https://www.gov.uk/government/publications/the-uk-sanctions-list,,Medium,Very High,Free,No,XLS updates,"""HMT adds individual Z.""","""Risk ratings updated; screening demands rise."""
L2,ADS-B Exchange (mil),Aviation,Global,Flight Tracking,https://globe.adsbexchange.com/,,Fast,Medium,Free,Yes,Track ISR/transport flights,"""Spike in ISR sorties over region R.""","""Correlate with NOTAMs + official readouts."""
L2,MarineTraffic (free),Maritime,Global,AIS,https://www.marinetraffic.com/,,Fast,Medium,Free,Yes,Convoys ; unusual loiter,"""Convoy staging near strait S.""","""Potential blockade test; verify with satellite."""
L2,VesselFinder,Maritime,Global,AIS,https://www.vesselfinder.com/,,Fast,Medium,Free,Yes,AIS positions,"""Tanker drift near exclusion zone.""","""Could be engine issue or holding pattern; check port notices."""
L2,ICAO NOTAM (via AIS portals),Aviation,Global,Airspace,https://www.icao.int/,,Fast,High,Free,Yes,New NOTAMs; closures,"""Temporary restricted airspace declared.""","""Matches reported live-fire drills; plan routes accordingly."""
L2,Sentinel Hub EO Browser,Satellite,Global,Imagery,https://apps.sentinel-hub.com/eo-browser/,,Medium,High,Free,Yes,Pre/post imagery,"""Fresh scorch marks at depot J.""","""Timing aligns with reported strike window; confidence ↑."""
L1,UN News,Intergov,Global,Diplomacy,https://news.un.org/en/,,Medium,High,Free,No,SG statements; votes,"""UN warns corridor collapse risk.""","""Expect humanitarian pressure; convoy dynamics shift."""
L1,World Bank Newsroom,IFI,Global,Geo-Econ,https://www.worldbank.org/en/news,,Medium,High,Free,No,Loans ; reforms,"""WB approves $500m energy loan to H.""","""Tariff shifts incoming; protest risk ↑."""
L1,IMF Press Center,IFI,Global,Geo-Econ,https://www.imf.org/en/News,,Medium,High,Free,No,SLAs ; reviews,"""IMF SLA includes FX liberalization.""","""Devaluation window opens; import prices surge."""
L1,ADB News,IFI,Asia,Geo-Econ,https://www.adb.org/news,,Medium,High,Free,No,Projects ; approvals,"""ADB funds port upgrade.""","""Dual-use potential; watch naval calls."""
L0,The Intel Crab (X),X/Twitter,Global,OSINT/Aviation,https://x.com/IntelCrab,,Fast,Medium,Free,No,ADS-B snippets; alerts,"""IntelCrab flags odd flight path near K.""","""Likely ISR pattern calibration; compare prior tracks."""
L0,OSINTtechnical (X),X/Twitter,US,Weapons/Tech,https://x.com/Osinttechnical,,Fast,Medium,Free,No,Weapon IDs; drills,"""New APS intercept video surfaces.""","""Confirms operational integration; tactics evolve."""
L0,Covert Shores (H I Sutton),Website/X,Global,Naval/Subsurface,https://www.hisutton.com/,https://x.com/CovertShores,Medium,High,Free,No,Submarine/naval analysis,"""Covert Shores: new UUV imagery analyzed.""","""Indicates ISR expansion; monitor trials."""
L0,UK Defence Journal,Media,Europe,Defense,https://ukdefencejournal.org.uk/,https://ukdefencejournal.org.uk/feed/,Medium,Medium,Free,No,UK/EU updates,"""RAF deploys additional Typhoons to E.""","""Air policing depth extended; tanker support needed."""
L0,War on the Rocks,Media/Think,US,Strategy,https://warontherocks.com/,https://warontherocks.com/feed/,Slow,High,Free,No,Essays ; analysis,"""WOTR: spectrum dominance essay.""","""Doctrine implications; integrate into brief."""
L0,The Economist – Defense/Europe,Media,Global,Policy/Geo-econ,https://www.economist.com/defence-and-security,,Medium,High,Paid,No,Headlines ; summaries,"""Economist: sanction fatigue trends.""","""Signals enforcement gaps; hedge flows adjust."""
L0,Financial Times – Defense/Trade,Media,Global,Geo-econ,https://www.ft.com/defence,,Medium,High,Paid,No,Deals/trade,"""FT : export controls tighten on chips.""","""Expect gray-market surge; customs seizures ↑."""
L0,Bloomberg Defense,Media,Global,Markets/Defense,https://www.bloomberg.com/topics/subject/defense,,Fast,High,Paid,No,Deals ; stocks,"""Bloomberg: EW vendor shares jump.""","""Market anticipates procurement; confirm with tenders."""
L0,Reuters Defense,Media,Global,Wire,https://www.reuters.com/world/,,Medium,High,Free,No,Wire + region filters,"""Reuters: ally approves missile sale.""","""Delivery window affects theatre balance; monitor training."""
L0,AP Defense,Media,Global,Wire,https://apnews.com/,,Medium,High,Free,No,Wire ; photos,"""AP: rocket attacks on base T.""","""Escalation watch; check claims vs imagery."""
L1,OPEC News,IGO,MENA,Energy/Geo-econ,https://www.opec.org/opec_web/en/press_room/28.htm,,Medium,High,Free,No,Press ; quotas,"""OPEC adjusts output guidance.""","""Energy flows → military tempo via budget; model impacts."""
L1,NATO CCDCOE,Center,Europe,Cyber/EW,https://ccdcoe.org/news/,,Medium,High,Free,No,Cyber/EW doctrine,"""CCDCOE publishes exercise findings.""","""Integrate lessons for spectrum defense notes."""
L1,EUROCONTROL,Agency,Europe,Aviation,https://www.eurocontrol.int/news,,Fast,High,Free,No,Airspace notices,"""EUROCONTROL: disruptions in FIR X.""","""Likely tied to military activity; NOTAM alignment."""
L1,EASA Safety Notices,Agency,Europe,Aviation,https://ad.easa.europa.eu/,,Fast,High,Free,No,Airworthiness directives,"""EASA issues AD for engine type M.""","""Operational impacts on sortie availability."""
L1,FAA NOTAM/Press,Agency,US,Aviation,https://www.faa.gov/newsroom,,Fast,High,Free,No,Press ; advisories,"""FAA issues advisory for region Y.""","""Commercial reroutes; military deconfliction needed."""
L0,Calibre Obscura (X),X/Twitter,MENA,Weapons ID,https://x.com/CalibreObscura,,Fast,Medium,Free,No,Weapons ID; conflicts,"""Rare munition type seen in clip.""","""Implies external supply; trace via serials."""
L0,Mil_Radar (X),X/Twitter,Global,Aviation,https://x.com/Mil_Radar,,Fast,Medium,Free,No,Flight alerts,"""Mil_Radar flags tanker drag train.""","""Refueling pattern suggests long-range patrol."""
L0,Gerjon (X),X/Twitter,Global,Aviation/OSINT,https://x.com/Gerjon_,,Fast,Medium,Free,No,Airport/flight OSINT,"""Gerjon spots unusual charter arrivals.""","""Possible troop rotations; verify with NOTAMs."""
L0,NOELreports (X),X/Twitter,Europe,OSINT,https://x.com/NOELreports,,Fast,Medium,Free,No,Incident collations,"""NOELreports compiles regional strikes.""","""De-dup vs other lists; confidence medium."""
L0,Tendar (X),X/Twitter,Europe,OSINT,https://x.com/Tendar,,Fast,Medium,Free,No,Ops snippets,"""Tendar shares local counter-battery claim.""","""Hold pending visual proof; confidence low."""
L0,Blue_Sauron (X),X/Twitter,Global,Imagery/OSINT,https://x.com/Blue_Sauron,,Fast,Medium,Free,No,High-res imagery snippets,"""Blue_Sauron shows base expansion.""","""Count pads/hangars; infer capacity."""
L0,ArmedForcesUpdate (X),X/Twitter,Global,Defense Clips,https://x.com/armedforcesupd,,Fast,Low,Free,No,Clips ; low SNR,"""Clip claims hypersonic intercept.""","""Likely mislabeled; seek primary sources."""
L0,The Aviationist,Media,Global,Aviation,https://theaviationist.com/,https://theaviationist.com/feed/,Medium,High,Free,No,Ops + photos,"""Aviationist: intercept over sea lane L.""","""Confirms patrol scaling; watch tanker sorties."""
L0,Key Aero,Media,Global,Aviation Industry,https://www.key.aero/defence,https://www.key.aero/rss.xml,Medium,High,Free,No,Industry news,"""KeyAero: EW suite retrofit announced.""","""Backlogs indicate delivery in 12–18 months."""
L0,Shephard Media,Media,Global,Defense Industry,https://www.shephardmedia.com/news/,,Medium,High,Free,No,Programs ; contracts,"""Shephard: new C-UAS contract awarded.""","""Signals layered base defense; cross with budgets."""
L1,US Indo-Pacific Command (Press),Command,Asia-Pacific,Operations,https://www.pacom.mil/Media/News/,,Medium,High,Free,Light,Releases ; imagery,"""INDOPACOM publicizes FONOP.""","""Watch diplomatic reactions; ADIZ response rates."""
L1,US EUCOM (Press),Command,Europe,Operations,https://www.eucom.mil/media-library/press-release,,Medium,High,Free,Light,Press ; exercises,"""EUCOM highlights Defender exercise.""","""Pre-positioning signals; logistics ramps up."""
L1,US CENTCOM (Press),Command,MENA,Operations,https://www.centcom.mil/MEDIA/NEWS-ARTICLES/,,Medium,High,Free,Light,Ops releases,"""CENTCOM intercepts UAVs over maritime corridor.""","""Check NAVTEX notices; route adjustments."""
L1,US AFRICOM (Press),Command,Africa,Operations,https://www.africom.mil/media-room/pressrelease,,Medium,High,Free,Light,Ops ; partner training,"""AFRICOM trains partner in C-UAS.""","""Capability transfer; track equipment flow."""
L1,US SOUTHCOM (Press),Command,Americas,Operations,https://www.southcom.mil/News/,,Medium,High,Free,Light,Ops ; exercises,"""SOUTHCOM joint exercise announced.""","""ISR coverage shifts; maritime patrol tempo."""
L0,Open-Source Intel on Telegram: Rybar,Telegram,Europe,OSINT,https://t.me/rybar,,Fast,Low,Free,Yes,High-volume ; heavy bias—use for early signal only,"""Rybar reports strike near N.""","""Treat as low-trust L0; require cross-verification."""
L0,Intel Slava Z,Telegram,Europe,OSINT,https://t.me/intelslava,,Fast,Low,Free,Yes,Pro-Kremlin aggregation—handle with caution,"""Channel claims capture of village X.""","""Low trust; hold until independent confirmation."""
L0,Mil Chronicles,Telegram,Europe,OSINT,https://t.me/milchronicles,,Fast,Low,Free,Yes,Clips ; frontline claims,"""Chronicles posts EW footage.""","""Likely old clip; use reverse image tools."""
L0,Arab Defense Industry News,Telegram,MENA,Industry,https://t.me/arabdefenseindustry,,Fast,Medium,Free,Yes,Regional industry updates,"""Deal signed for UAV assembly.""","""Check SSB/EDGE press for confirmations."""
L0,Ukraine Military Live,Telegram,Europe,Ops Updates,https://t.me/militaryLiveUA,,Fast,Medium,Free,Yes,Ops summaries,"""Air defense engaged drones near Odesa.""","""Cross with official UA MOD + local media."""
L0,OSINT Industries (Discord),Discord,Global,OSINT Collab,https://discord.gg/,,Medium,Medium,Free,Yes,Use your private invite; channel links for event threads,"""Analyst posts ADS-B anomaly logs.""","""Spin into short post; request secondary proof."""
L0,GeoFS OSINT Discord,Discord,Global,Aviation,https://discord.gg/,,Medium,Medium,Free,Yes,Community flight tracking,"""Members track ISR orbits over region T.""","""Aggregate into daily orbit map."""
L0,Sat Intelligence Discord,Discord,Global,Imagery,https://discord.gg/,,Medium,Medium,Free,Yes,Community imagery tasks,"""SAR pass reveals movement at depot D.""","""Cue follow-on optical task."""
L1,Turkey SSB Newsroom,Agency,MENA/Europe,Industry,https://www.ssb.gov.tr/Website/contentlist.aspx?PageID=30,,Medium,High,Free,Light,Press ; programs,"""SSB: HİSAR deliveries updated.""","""Air defense coverage densifies; export outlook."""
L1,EDGE Group (UAE) Press,Industry,MENA,Defense Industry,https://edgegroup.ae/news,,Medium,High,Free,Light,Press ; contracts,"""EDGE announces C-UAS export.""","""Regional demand surge; track end-users."""
L1,Baykar Press,Industry,MENA,Defense Industry,https://baykartech.com/en/press-room/press-releases/,,Medium,High,Free,Light,UAV programs; deliveries,"""Baykar ships TB2 batch to L.""","""Training timelines imply IOC by Q4."""
L1,IAI (Israel Aerospace Industries) News,Industry,MENA,Defense Industry,https://www.iai.co.il/newsroom,,Medium,High,Free,Light,Press ; product notes,"""IAI unveils EW pod upgrade.""","""Likely export variant pending; monitor ITAR."""
L1,Elbit Systems News,Industry,MENA,Defense Industry,https://elbitsystems.com/media-center/,,Medium,High,Free,Light,Press ; wins,"""Elbit wins ESM contract.""","""Regional navy enhances ESM; track delivery schedule."""
L1,Lockheed Martin Newsroom,Industry,US,Defense Industry,https://news.lockheedmartin.com/,,Medium,High,Free,Light,Programs ; deliveries,"""LM delivers additional HIMARS.""","""Inventory levels enable surge capacity; training cadence."""
L1,Raytheon/RTX News,Industry,US,Defense Industry,https://www.rtx.com/news,,Medium,High,Free,Light,Press ; programs,"""RTX announces new GaN AESA module.""","""Improves jamming resistance; watch field trials."""
L1,Northrop Grumman News,Industry,US,Defense Industry,https://news.northropgrumman.com/,,Medium,High,Free,Light,Press ; programs,"""NGC demos adaptive EW.""","""Self-protection suite roadmap advances."""
L1,General Dynamics Press,Industry,US,Defense Industry,https://www.gd.com/news,,Medium,High,Free,Light,Press ; contracts,"""GD secures C2 shelter contract.""","""Signals expeditionary C2 push."""
L1,Thales Group News,Industry,Europe,Defense/Avionics,https://www.thalesgroup.com/en/press-room,,Medium,High,Free,Light,Press ; avionics,"""Thales fields new AESA radar.""","""Enables multi-mission flexibility; export prospects."""
L1,Leonardo Newsroom,Industry,Europe,Defense/Aerospace,https://www.leonardo.com/en/press-releases,,Medium,High,Free,Light,Press ; deliveries,"""Leonardo supplies C-UAS radar.""","""Integrates with SHORAD; layered defense impact."""
L1,Rheinmetall Newsroom,Industry,Europe,Defense Industry,https://www.rheinmetall.com/en/media,,Medium,High,Free,Light,Press ; vehicles,"""Rheinmetall unveils new SPAAG.""","""Short-range air defense gaps addressed."""
L1,BAE Systems News,Industry,Europe/US,Defense Industry,https://www.baesystems.com/en/media,,Medium,High,Free,Light,Press ; programs,"""BAE completes EW upgrade tranche.""","""Fleet survivability uplift; export ripple."""
L1,Navantia News,Industry,Europe,Naval,https://www.navantia.es/en/press-room/,,Medium,High,Free,Light,Press ; shipbuilding,"""Navantia launches corvette.""","""Regional navy projection ↑."""
L1,SAAB News,Industry,Europe,Defense/Air,https://www.saab.com/newsroom/press-releases,,Medium,High,Free,Light,Press ; EW/air,"""SAAB tests new jammer pod.""","""Gripen integration timeline; export angles."""
L0,The Jerusalem Post – Defense,Media,MENA,Defense,https://www.jpost.com/Israel-News/Defense,,Medium,Medium,Free,No,Regional defense,"""JPost: UAV interception over north.""","""Matches IDF statement; add to nightly recap."""
L0,Haaretz Diplomacy & Defense,Media,MENA,Defense,https://www.haaretz.com/news/diplomacy-defense,,Medium,High,Paid,No,Investigations ; defense,"""Haaretz reports EW trials.""","""Signals doctrine evolution; verify with MoD docs."""
L0,Al Jazeera War & Conflict,Media,MENA,Conflict,https://www.aljazeera.com/tag/war-conflict/,,Medium,Medium,Free,No,Conflict updates,"""AJ: cross-border shelling resumes.""","""Humanitarian impact ↑; UN corridors at risk."""
L0,Anadolu Agency Defense,Media,MENA/EU,Defense,https://www.aa.com.tr/en/defence,,Medium,Medium,Free,No,Defense updates,"""AA: MSB announces drill window.""","""Expect NOTAMs + UAV loiter."""
L0,TASS (English),Media,Europe,State Media,https://tass.com/,,Medium,Medium,Free,No,Official narratives,"""TASS: EW brigade formed.""","""Monitor unit equipment rollout."""
L0,Xinhua (English),Media,East Asia,State Media,https://www.xinhuanet.com/english/,,Medium,Medium,Free,No,Official narratives,"""Xinhua: satellite launch.""","""Dual-use payloads likely; track NOTAMs."""
L0,Kyodo News,Media,East Asia,Wire,https://english.kyodonews.net/,,Medium,High,Free,No,Japan/Asia wires,"""Kyodo: JMSDF joint drill.""","""Maritime posture shifts; AIS confirms."""
L0,NHK World News,Media,East Asia,Public Media,https://www3.nhk.or.jp/nhkworld/en/news/,,Medium,High,Free,No,Japan updates,"""NHK: interceptor deployment expanded.""","""ADIZ intercepts likely to rise."""
L0,Yonhap News,Media,East Asia,Wire,https://en.yna.co.kr/,,Medium,High,Free,No,ROK updates,"""Yonhap: North launches SRBM.""","""Expect counter-battery and drills."""
L0,The Hindu – National,Media,South Asia,India Policy/Defense,https://www.thehindu.com/news/national/,,Medium,High,Free,No,India defense & policy,"""The Hindu: Agni test window opens.""","""Watch NOTAMs + air corridors."""
L0,Dawn – Pakistan,Media,South Asia,Defense/Policy,https://www.dawn.com/latest-news,,Medium,High,Free,No,Pakistan policy,"""Dawn: PAC signs avionics MOU.""","""Domestic capability build-up; export angle."""
L0,Gulf News – Nation,Media,MENA,Gulf Policy,https://gulfnews.com/uae,,Medium,Medium,Free,No,GCC updates,"""Gulf News: joint GCC drill.""","""Regional interoperability; watch tanker tracks."""
L0,MEES (Middle East Economic Survey),Media,MENA,Energy/Geo-econ,https://mees.com/,,Medium,High,Paid,No,Energy geopolitics,"""MEES: refinery outages affect exports.""","""Energy → ops tempo; logistics stress."""
L0,Defense Arabia,Media,MENA,Defense,https://defense-arabia.com/,,Medium,Medium,Free,No,Regional defense news,"""Defense Arabia: C-UAS deal signed.""","""Details sparse; verify at IDEX."""
L0,Asia Times – Defense,Media,Asia,Defense/Geo-econ,https://asiatimes.com/tag/defense/,,Medium,Medium,Free,No,Asia defense,"""AsiaTimes: Philippines basing deal.""","""Counters PRC moves; watch EDCA sites."""
L0,The Diplomat – Security,Media,Asia-Pacific,Security,https://thediplomat.com/topics/security/,,Medium,High,Free,No,Indo-Pacific security,"""Diplomat: Vietnam radar upgrades.""","""Coverage extends SCS; track contracts."""
L0,StratcomCOE (NATO),Center,Europe,Info Ops,https://stratcomcoe.org/publications/,,Slow,High,Free,No,Pubs ; case studies,"""StratcomCOE report on disinfo methods.""","""Use to flag low-trust L0 spikes."""